{
  "task1": {
    "task": "task1_tumor_vs_normal",
    "label_col": "sample_type",
    "classes": [
      "Normal",
      "Tumor"
    ],
    "n_samples": 88,
    "n_features_total": 4000,
    "k_best_selected": 50,
    "cv_folds": 5,
    "best_model": "logistic_regression",
    "all_model_results": {
      "logistic_regression": {
        "accuracy": 0.9772727272727273,
        "macro_f1": 0.8939759036144579,
        "weighted_f1": 0.9751369112814895,
        "precision_macro": 0.9880952380952381,
        "recall_macro": 0.8333333333333333,
        "cohen_kappa": 0.7884615384615384,
        "roc_auc": 1.0,
        "confusion_matrix": [
          [
            4,
            2
          ],
          [
            0,
            82
          ]
        ]
      },
      "random_forest": {
        "accuracy": 0.9772727272727273,
        "macro_f1": 0.8939759036144579,
        "weighted_f1": 0.9751369112814895,
        "precision_macro": 0.9880952380952381,
        "recall_macro": 0.8333333333333333,
        "cohen_kappa": 0.7884615384615384,
        "roc_auc": 1.0,
        "confusion_matrix": [
          [
            4,
            2
          ],
          [
            0,
            82
          ]
        ]
      },
      "lightgbm": {
        "accuracy": 0.9659090909090909,
        "macro_f1": 0.8243512974051896,
        "weighted_f1": 0.9605334784975503,
        "precision_macro": 0.9823529411764707,
        "recall_macro": 0.75,
        "cohen_kappa": 0.6507936507936508,
        "roc_auc": 0.8353658536585366,
        "confusion_matrix": [
          [
            3,
            3
          ],
          [
            0,
            82
          ]
        ]
      }
    }
  },
  "task2": {
    "task": "task2_stage",
    "label_col": "stage_group",
    "classes": [
      "Early (I/II)",
      "Late (III/IV)"
    ],
    "n_samples": 70,
    "n_features_total": 4064,
    "k_best_selected": 50,
    "cv_folds": 5,
    "best_model": "lightgbm",
    "all_model_results": {
      "logistic_regression": {
        "accuracy": 0.6,
        "macro_f1": 0.49432404540763675,
        "weighted_f1": 0.5933952528379773,
        "precision_macro": 0.4946581196581197,
        "recall_macro": 0.495,
        "cohen_kappa": -0.010309278350515427,
        "roc_auc": 0.518,
        "confusion_matrix": [
          [
            5,
            15
          ],
          [
            13,
            37
          ]
        ]
      },
      "random_forest": {
        "accuracy": 0.6857142857142857,
        "macro_f1": 0.48043184885290147,
        "weighted_f1": 0.6203971467129362,
        "precision_macro": 0.5260416666666666,
        "recall_macro": 0.51,
        "cohen_kappa": 0.025316455696202445,
        "roc_auc": 0.5875,
        "confusion_matrix": [
          [
            2,
            18
          ],
          [
            4,
            46
          ]
        ]
      },
      "lightgbm": {
        "accuracy": 0.6857142857142857,
        "macro_f1": 0.6258503401360545,
        "weighted_f1": 0.6899902818270166,
        "precision_macro": 0.6231060606060606,
        "recall_macro": 0.63,
        "cohen_kappa": 0.2524271844660194,
        "roc_auc": 0.627,
        "confusion_matrix": [
          [
            10,
            10
          ],
          [
            12,
            38
          ]
        ]
      }
    }
  },
  "task3": {
    "task": "task3_risk_factors",
    "label_col": "smoking_status",
    "classes": [
      "Non-Smoker",
      "Smoker"
    ],
    "n_samples": 79,
    "n_features_total": 4060,
    "k_best_selected": 50,
    "cv_folds": 5,
    "best_model": "logistic_regression",
    "all_model_results": {
      "logistic_regression": {
        "accuracy": 0.8354430379746836,
        "macro_f1": 0.751030303030303,
        "weighted_f1": 0.8299378596087458,
        "precision_macro": 0.7708333333333333,
        "recall_macro": 0.7367941712204007,
        "cohen_kappa": 0.5031446540880503,
        "roc_auc": 0.7650273224043715,
        "confusion_matrix": [
          [
            10,
            8
          ],
          [
            5,
            56
          ]
        ]
      },
      "random_forest": {
        "accuracy": 0.810126582278481,
        "macro_f1": 0.643609022556391,
        "weighted_f1": 0.7762063386313885,
        "precision_macro": 0.7668650793650793,
        "recall_macro": 0.622495446265938,
        "cohen_kappa": 0.31224608241439344,
        "roc_auc": 0.6912568306010929,
        "confusion_matrix": [
          [
            5,
            13
          ],
          [
            2,
            59
          ]
        ]
      },
      "lightgbm": {
        "accuracy": 0.7848101265822784,
        "macro_f1": 0.6880371660859466,
        "weighted_f1": 0.7826107411164528,
        "precision_macro": 0.6921252371916509,
        "recall_macro": 0.6844262295081966,
        "cohen_kappa": 0.3762192289828147,
        "roc_auc": 0.7358834244080146,
        "confusion_matrix": [
          [
            9,
            9
          ],
          [
            8,
            53
          ]
        ]
      }
    }
  },
  "task4": {
    "task": "task4_advanced_insights",
    "n_patients_used": 82,
    "cox_concordance_index": 0.7212301587301587,
    "top_hazard_ratios": {
      "PC5": 1.0161827783842547,
      "PC4": 1.013594662637453,
      "PC8": 1.0134285009352102,
      "age_at_index": 1.0095582659220899,
      "PC6": 1.0059321942325172,
      "PC10": 1.004693589240186,
      "PC7": 1.003651225454324,
      "deleterious_mutation_burden": 1.0000744037717677,
      "mutation_burden": 0.9999503076915062,
      "PC2": 0.9983219172933102
    },
    "pca_components_used": 10,
    "pca_explained_variance_ratio": [
      0.20853824784600838,
      0.11478397180970784,
      0.07642249772067672,
      0.05300406435970842,
      0.03666769303878971,
      0.03207309252038902,
      0.02556623377163484,
      0.02321769479478157,
      0.019728221973359224,
      0.017628376010764585
    ],
    "top_biomarkers_by_pc": {
      "PC1": {
        "meth_AGXT2": 0.03181655487094338,
        "meth_SPATA8": 0.031667274816507524,
        "meth_MIR1978": 0.03156298450208257,
        "meth_PNLIP": 0.031288420311902355,
        "meth_GHRHR": 0.03126126326407424,
        "meth_ASB15": 0.031181319285466042,
        "meth_PLUNC": 0.031026640576008905,
        "meth_CCL4": 0.03102278795242736,
        "meth_SEMG2": 0.03098664286859018,
        "meth_MS4A4A": 0.03096371976502068
      },
      "PC2": {
        "meth_NXPH1": 0.03763341825144183,
        "meth_TBX20": 0.037435790046612974,
        "meth_SSTR1": 0.0373809715594893,
        "expr_PEG3": 0.037147476102049076,
        "meth_T": 0.036912950526354474,
        "meth_DBX1": 0.03690813970422344,
        "meth_ZNF578": 0.03685974857092499,
        "expr_MEOX2": 0.036769667211085044,
        "meth_TAC1": 0.03673674252472044,
        "expr_SGCD": 0.036618471768577236
      },
      "PC3": {
        "meth_LOC84931": 0.048333999183156284,
        "expr_MYO3A": 0.04704035536304953,
        "expr_SGEF": 0.045740584744223364,
        "expr_WNK2": 0.045504240076200554,
        "expr_FOXD3": 0.043735236737097526,
        "expr_CLGN": 0.04361509352195511,
        "expr_ABCA17P": 0.04321497020776628,
        "expr_HLF": 0.04314702393535891,
        "expr_FKBP6": 0.043080337289631565,
        "meth_OR10S1": 0.042392719158889404
      }
    },
    "best_subtype_k": 2,
    "best_subtype_silhouette": 0.24624809781023313,
    "subtype_counts": {
      "Subtype 1": 61,
      "Subtype 2": 21
    }
  }
}