{
  "meth_SNORD114-15": 0.8129917598928244,
  "expr_DMRT2": 0.7178733446622928,
  "expr_C14orf162": 0.7143446739056012,
  "expr_SST": 0.5166154936937886,
  "expr_BATF2": 0.4828259108539188,
  "expr_GSTM1": 0.48116703374327435,
  "expr_IGFL4": 0.40818368555213524,
  "expr_RBP4": 0.3259887296413139,
  "expr_LOC400696": 0.3228538035133295,
  "meth_MIR147": 0.2560735010041129,
  "expr_SLITRK6": 0.25584410083025466,
  "expr_PYY2": 0.24297494311536874,
  "expr_LPPR5": 0.23031383194513907,
  "expr_LMO3": 0.2044821510745653,
  "expr_TAGLN3": 0.17577572517115803,
  "expr_PEG10": 0.16742716729193427,
  "meth_C2orf39": 0.15810560839378263,
  "expr_ASCL4": 0.12365296510229656,
  "expr_SELP": 0.10540581446042749,
  "expr_FASLG": 0.08669629818043507
}