{
  "expr_MMP1": 0.1933643637651336,
  "expr_HOXC6": 0.16441621740164494,
  "meth_CST7": 0.15967250638073935,
  "expr_HOXC11": 0.15882293166705921,
  "expr_ZIC5": 0.14607793228473215,
  "meth_HOXB3": 0.14471346403521856,
  "expr_SLC5A8": 0.14350723602619192,
  "meth_C1orf150": 0.1319997771995877,
  "expr_KRT36": 0.12917167377982247,
  "meth_DRD5": 0.12279118903646352,
  "expr_HOXD11": 0.11504102182953103,
  "expr_HMGCS2": 0.1122011663834308,
  "expr_ZIC2": 0.11211322173793223,
  "meth_SOX17": 0.11015353096906494,
  "meth_HAVCR2": 0.11001361833812276,
  "expr_AQP4": 0.10790958920672235,
  "meth_ALG1L": 0.1062927874448782,
  "meth_OR2A4": 0.10268289674757437,
  "meth_TRH": 0.10087375680952931,
  "meth_NETO1": 0.09901534593622822
}