{
  "expr_RYR3": 0.881188218234149,
  "meth_LRRC67": 0.8337053195948644,
  "meth_RUNDC3B": 0.8236413212648345,
  "meth_PREX2": 0.7785620013909391,
  "meth_EPB41L3": 0.6640665390408128,
  "meth_SAMSN1": 0.6516993948706798,
  "meth_MIR2054": 0.5903760797405292,
  "meth_NCRNA00099": 0.528087394979805,
  "expr_BBOX1": 0.4979302162012211,
  "meth_LYZL1": 0.4149784808115973,
  "meth_ANGPT1": 0.4097053152713638,
  "meth_SLC22A9": 0.3992391293364256,
  "meth_IAPP": 0.38763957485850054,
  "meth_CLEC17A": 0.3431832100696801,
  "meth_OR5M11": 0.3400438080665398,
  "expr_KRTCAP3": 0.32902235644893396,
  "meth_FABP9": 0.3225906886678723,
  "meth_SNORD123": 0.31734450863419317,
  "meth_OLR1": 0.30157429367719796,
  "expr_CGB2": 0.2887498563189435
}