{
  "expr_MMP1": 0.19336436376513325,
  "expr_HOXC6": 0.16441621740164486,
  "meth_CST7": 0.15967250638073913,
  "expr_HOXC11": 0.15882293166705855,
  "expr_ZIC5": 0.146077932284732,
  "meth_HOXB3": 0.14471346403521845,
  "expr_SLC5A8": 0.14350723602619223,
  "meth_C1orf150": 0.13199977719958736,
  "expr_KRT36": 0.12917167377982244,
  "meth_DRD5": 0.12279118903646409,
  "expr_HOXD11": 0.115041021829531,
  "expr_HMGCS2": 0.11220116638343094,
  "expr_ZIC2": 0.11211322173793223,
  "meth_SOX17": 0.11015353096906531,
  "meth_HAVCR2": 0.11001361833812298,
  "expr_AQP4": 0.10790958920672225,
  "meth_ALG1L": 0.10629278744487823,
  "meth_OR2A4": 0.10268289674757466,
  "meth_TRH": 0.10087375680952934,
  "meth_NETO1": 0.09901534593622902
}