{
  "task": "task4_advanced_insights",
  "n_patients_used": 82,
  "cox_concordance_index": 0.7212301587301587,
  "top_hazard_ratios": {
    "PC5": 1.0161827783842547,
    "PC4": 1.013594662637453,
    "PC8": 1.0134285009352102,
    "age_at_index": 1.0095582659220899,
    "PC6": 1.0059321942325172,
    "PC10": 1.004693589240186,
    "PC7": 1.003651225454324,
    "deleterious_mutation_burden": 1.0000744037717677,
    "mutation_burden": 0.9999503076915062,
    "PC2": 0.9983219172933102
  },
  "pca_components_used": 10,
  "pca_explained_variance_ratio": [
    0.20853824784600838,
    0.11478397180970784,
    0.07642249772067672,
    0.05300406435970842,
    0.03666769303878971,
    0.03207309252038902,
    0.02556623377163484,
    0.02321769479478157,
    0.019728221973359224,
    0.017628376010764585
  ],
  "top_biomarkers_by_pc": {
    "PC1": {
      "meth_AGXT2": 0.03181655487094338,
      "meth_SPATA8": 0.031667274816507524,
      "meth_MIR1978": 0.03156298450208257,
      "meth_PNLIP": 0.031288420311902355,
      "meth_GHRHR": 0.03126126326407424,
      "meth_ASB15": 0.031181319285466042,
      "meth_PLUNC": 0.031026640576008905,
      "meth_CCL4": 0.03102278795242736,
      "meth_SEMG2": 0.03098664286859018,
      "meth_MS4A4A": 0.03096371976502068
    },
    "PC2": {
      "meth_NXPH1": 0.03763341825144183,
      "meth_TBX20": 0.037435790046612974,
      "meth_SSTR1": 0.0373809715594893,
      "expr_PEG3": 0.037147476102049076,
      "meth_T": 0.036912950526354474,
      "meth_DBX1": 0.03690813970422344,
      "meth_ZNF578": 0.03685974857092499,
      "expr_MEOX2": 0.036769667211085044,
      "meth_TAC1": 0.03673674252472044,
      "expr_SGCD": 0.036618471768577236
    },
    "PC3": {
      "meth_LOC84931": 0.048333999183156284,
      "expr_MYO3A": 0.04704035536304953,
      "expr_SGEF": 0.045740584744223364,
      "expr_WNK2": 0.045504240076200554,
      "expr_FOXD3": 0.043735236737097526,
      "expr_CLGN": 0.04361509352195511,
      "expr_ABCA17P": 0.04321497020776628,
      "expr_HLF": 0.04314702393535891,
      "expr_FKBP6": 0.043080337289631565,
      "meth_OR10S1": 0.042392719158889404
    }
  },
  "best_subtype_k": 2,
  "best_subtype_silhouette": 0.24624809781023313,
  "subtype_counts": {
    "Subtype 1": 61,
    "Subtype 2": 21
  }
}