{
  "task": "task4_advanced_insights",
  "n_patients_used": 82,
  "cox_concordance_index": 0.7212301587301587,
  "top_hazard_ratios": {
    "PC5": 1.0161827783842547,
    "PC4": 1.013594662637453,
    "PC8": 1.0134285009352104,
    "age_at_index": 1.0095582659220899,
    "PC6": 1.0059321942325172,
    "PC10": 1.0046935892401858,
    "PC7": 1.003651225454324,
    "deleterious_mutation_burden": 1.0000744037717677,
    "mutation_burden": 0.9999503076915062,
    "PC2": 0.9983219172933102
  },
  "pca_components_used": 10,
  "pca_explained_variance_ratio": [
    0.20853824784600838,
    0.11478397180970791,
    0.07642249772067668,
    0.0530040643597084,
    0.03666769303878976,
    0.032073092520389014,
    0.025566233771634767,
    0.023217694794781592,
    0.01972822197335921,
    0.017628376010764578
  ],
  "top_biomarkers_by_pc": {
    "PC1": {
      "meth_AGXT2": 0.03181655487094338,
      "meth_SPATA8": 0.03166727481650751,
      "meth_MIR1978": 0.03156298450208256,
      "meth_PNLIP": 0.031288420311902335,
      "meth_GHRHR": 0.031261263264074225,
      "meth_ASB15": 0.03118131928546604,
      "meth_PLUNC": 0.031026640576008905,
      "meth_CCL4": 0.03102278795242734,
      "meth_SEMG2": 0.03098664286859017,
      "meth_MS4A4A": 0.030963719765020672
    },
    "PC2": {
      "meth_NXPH1": 0.03763341825144184,
      "meth_TBX20": 0.037435790046612974,
      "meth_SSTR1": 0.03738097155948931,
      "expr_PEG3": 0.037147476102049076,
      "meth_T": 0.03691295052635448,
      "meth_DBX1": 0.03690813970422346,
      "meth_ZNF578": 0.036859748570925,
      "expr_MEOX2": 0.03676966721108504,
      "meth_TAC1": 0.036736742524720443,
      "expr_SGCD": 0.036618471768577236
    },
    "PC3": {
      "meth_LOC84931": 0.048333999183156284,
      "expr_MYO3A": 0.04704035536304952,
      "expr_SGEF": 0.045740584744223343,
      "expr_WNK2": 0.04550424007620057,
      "expr_FOXD3": 0.04373523673709761,
      "expr_CLGN": 0.043615093521955146,
      "expr_ABCA17P": 0.043214970207766316,
      "expr_HLF": 0.0431470239353589,
      "expr_FKBP6": 0.0430803372896316,
      "meth_OR10S1": 0.04239271915888937
    }
  },
  "best_subtype_k": 2,
  "best_subtype_silhouette": 0.24624809781023316,
  "subtype_counts": {
    "Subtype 1": 61,
    "Subtype 2": 21
  }
}