{
  "expr_RYR3": 0.8811882182341525,
  "meth_LRRC67": 0.8337053195948579,
  "meth_RUNDC3B": 0.8236413212648255,
  "meth_PREX2": 0.7785620013909447,
  "meth_EPB41L3": 0.6640665390408,
  "meth_SAMSN1": 0.6516993948706807,
  "meth_MIR2054": 0.5903760797405277,
  "meth_NCRNA00099": 0.5280873949798105,
  "expr_BBOX1": 0.497930216201217,
  "meth_LYZL1": 0.414978480811588,
  "meth_ANGPT1": 0.4097053152713586,
  "meth_SLC22A9": 0.39923912933644096,
  "meth_IAPP": 0.3876395748585085,
  "meth_CLEC17A": 0.34318321006967367,
  "meth_OR5M11": 0.3400438080665459,
  "expr_KRTCAP3": 0.32902235644893024,
  "meth_FABP9": 0.3225906886678833,
  "meth_SNORD123": 0.3173445086341995,
  "meth_OLR1": 0.30157429367720673,
  "expr_CGB2": 0.28874985631896366
}